file,line,type,commit,author,date,time,timezone,datetime,depth,length
style.css,1,css,e375067c,erdenebat7,2026-04-02,16:28:25,-07:00,2026-04-02T16:28:25-07:00,0,4
style.css,2,css,e375067c,erdenebat7,2026-04-02,16:28:25,-07:00,2026-04-02T16:28:25-07:00,1,23
style.css,3,css,be739553,erdenebat7,2026-04-10,20:56:24,-07:00,2026-04-10T20:56:24-07:00,1,15
style.css,4,css,be739553,erdenebat7,2026-04-10,20:56:24,-07:00,2026-04-10T20:56:24-07:00,1,42
style.css,5,css,be739553,erdenebat7,2026-04-10,20:56:24,-07:00,2026-04-10T20:56:24-07:00,0,0
style.css,6,css,be739553,erdenebat7,2026-04-10,20:56:24,-07:00,2026-04-10T20:56:24-07:00,0,0
style.css,7,css,be739553,erdenebat7,2026-04-10,20:56:24,-07:00,2026-04-10T20:56:24-07:00,0,5
style.css,8,css,be739553,erdenebat7,2026-04-10,20:56:24,-07:00,2026-04-10T20:56:24-07:00,1,6
style.css,9,css,be739553,erdenebat7,2026-04-10,20:56:24,-07:00,2026-04-10T20:56:24-07:00,1,20
style.css,10,css,be739553,erdenebat7,2026-04-10,20:56:24,-07:00,2026-04-10T20:56:24-07:00,1,13
style.css,11,css,be739553,erdenebat7,2026-04-10,20:56:24,-07:00,2026-04-10T20:56:24-07:00,1,17
style.css,12,css,be739553,erdenebat7,2026-04-10,20:56:24,-07:00,2026-04-10T20:56:24-07:00,1,13
style.css,13,css,be739553,erdenebat7,2026-04-10,20:56:24,-07:00,2026-04-10T20:56:24-07:00,0,0
style.css,14,css,be739553,erdenebat7,2026-04-10,20:56:24,-07:00,2026-04-10T20:56:24-07:00,0,0
style.css,15,css,be739553,erdenebat7,2026-04-10,20:56:24,-07:00,2026-04-10T20:56:24-07:00,0,5
style.css,16,css,be739553,erdenebat7,2026-04-10,20:56:24,-07:00,2026-04-10T20:56:24-07:00,1,31
style.css,17,css,be739553,erdenebat7,2026-04-10,20:56:24,-07:00,2026-04-10T20:56:24-07:00,1,32
style.css,18,css,be739553,erdenebat7,2026-04-10,20:56:24,-07:00,2026-04-10T20:56:24-07:00,0,0
style.css,19,css,be739553,erdenebat7,2026-04-10,20:56:24,-07:00,2026-04-10T20:56:24-07:00,0,0
style.css,20,css,be739553,erdenebat7,2026-04-10,20:56:24,-07:00,2026-04-10T20:56:24-07:00,0,4
style.css,21,css,be739553,erdenebat7,2026-04-10,20:56:24,-07:00,2026-04-10T20:56:24-07:00,1,12
style.css,22,css,be739553,erdenebat7,2026-04-10,20:56:24,-07:00,2026-04-10T20:56:24-07:00,1,30
style.css,23,css,be739553,erdenebat7,2026-04-10,20:56:24,-07:00,2026-04-10T20:56:24-07:00,1,7
style.css,24,css,be739553,erdenebat7,2026-04-10,20:56:24,-07:00,2026-04-10T20:56:24-07:00,0,0
style.css,25,css,be739553,erdenebat7,2026-04-10,20:56:24,-07:00,2026-04-10T20:56:24-07:00,0,0
style.css,26,css,be739553,erdenebat7,2026-04-10,20:56:24,-07:00,2026-04-10T20:56:24-07:00,0,10
style.css,27,css,be739553,erdenebat7,2026-04-10,20:56:24,-07:00,2026-04-10T20:56:24-07:00,1,12
style.css,28,css,be739553,erdenebat7,2026-04-10,20:56:24,-07:00,2026-04-10T20:56:24-07:00,1,29
style.css,29,css,be739553,erdenebat7,2026-04-10,20:56:24,-07:00,2026-04-10T20:56:24-07:00,1,18
style.css,30,css,be739553,erdenebat7,2026-04-10,20:56:24,-07:00,2026-04-10T20:56:24-07:00,0,0
style.css,31,css,be739553,erdenebat7,2026-04-10,20:56:24,-07:00,2026-04-10T20:56:24-07:00,0,0
style.css,32,css,be739553,erdenebat7,2026-04-10,20:56:24,-07:00,2026-04-10T20:56:24-07:00,0,11
style.css,33,css,be739553,erdenebat7,2026-04-10,20:56:24,-07:00,2026-04-10T20:56:24-07:00,1,18
style.css,34,css,be739553,erdenebat7,2026-04-10,20:56:24,-07:00,2026-04-10T20:56:24-07:00,0,0
style.css,35,css,be739553,erdenebat7,2026-04-10,20:56:24,-07:00,2026-04-10T20:56:24-07:00,0,0
style.css,36,css,7c0a2824,erdenebat7,2026-04-12,20:22:04,-07:00,2026-04-12T20:22:04-07:00,0,9
style.css,37,css,7c0a2824,erdenebat7,2026-04-12,20:22:04,-07:00,2026-04-12T20:22:04-07:00,1,12
style.css,38,css,7c0a2824,erdenebat7,2026-04-12,20:22:04,-07:00,2026-04-12T20:22:04-07:00,1,58
style.css,39,css,7c0a2824,erdenebat7,2026-04-12,20:22:04,-07:00,2026-04-12T20:22:04-07:00,1,7
style.css,40,css,7c0a2824,erdenebat7,2026-04-12,20:22:04,-07:00,2026-04-12T20:22:04-07:00,0,0
style.css,41,css,7c0a2824,erdenebat7,2026-04-12,20:22:04,-07:00,2026-04-12T20:22:04-07:00,0,0
style.css,42,css,7c0a2824,erdenebat7,2026-04-12,20:22:04,-07:00,2026-04-12T20:22:04-07:00,0,17
style.css,43,css,7c0a2824,erdenebat7,2026-04-12,20:22:04,-07:00,2026-04-12T20:22:04-07:00,1,12
style.css,44,css,7c0a2824,erdenebat7,2026-04-12,20:22:04,-07:00,2026-04-12T20:22:04-07:00,1,26
style.css,45,css,7c0a2824,erdenebat7,2026-04-12,20:22:04,-07:00,2026-04-12T20:22:04-07:00,1,15
style.css,46,css,7c0a2824,erdenebat7,2026-04-12,20:22:04,-07:00,2026-04-12T20:22:04-07:00,1,7
style.css,47,css,7c0a2824,erdenebat7,2026-04-12,20:22:04,-07:00,2026-04-12T20:22:04-07:00,0,0
style.css,48,css,7c0a2824,erdenebat7,2026-04-12,20:22:04,-07:00,2026-04-12T20:22:04-07:00,0,0
style.css,49,css,7c0a2824,erdenebat7,2026-04-12,20:22:04,-07:00,2026-04-12T20:22:04-07:00,0,12
style.css,50,css,7c0a2824,erdenebat7,2026-04-12,20:22:04,-07:00,2026-04-12T20:22:04-07:00,1,7
style.css,51,css,7c0a2824,erdenebat7,2026-04-12,20:22:04,-07:00,2026-04-12T20:22:04-07:00,0,0
style.css,52,css,7c0a2824,erdenebat7,2026-04-12,20:22:04,-07:00,2026-04-12T20:22:04-07:00,0,0
style.css,53,css,d9726fec,erdenebat7,2026-04-29,19:29:20,-07:00,2026-04-29T19:29:20-07:00,0,13
style.css,54,css,d9726fec,erdenebat7,2026-04-29,19:29:20,-07:00,2026-04-29T19:29:20-07:00,1,23
style.css,55,css,d9726fec,erdenebat7,2026-04-29,19:29:20,-07:00,2026-04-29T19:29:20-07:00,1,34
style.css,56,css,d9726fec,erdenebat7,2026-04-29,19:29:20,-07:00,2026-04-29T19:29:20-07:00,1,49
style.css,57,css,d9726fec,erdenebat7,2026-04-29,19:29:20,-07:00,2026-04-29T19:29:20-07:00,0,0
style.css,58,css,d9726fec,erdenebat7,2026-04-29,19:29:20,-07:00,2026-04-29T19:29:20-07:00,0,0
style.css,59,css,7c0a2824,erdenebat7,2026-04-12,20:22:04,-07:00,2026-04-12T20:22:04-07:00,0,22
style.css,60,css,7c0a2824,erdenebat7,2026-04-12,20:22:04,-07:00,2026-04-12T20:22:04-07:00,1,15
style.css,61,css,7c0a2824,erdenebat7,2026-04-12,20:22:04,-07:00,2026-04-12T20:22:04-07:00,1,17
style.css,62,css,7c0a2824,erdenebat7,2026-04-12,20:22:04,-07:00,2026-04-12T20:22:04-07:00,0,0
style.css,63,css,7c0a2824,erdenebat7,2026-04-12,20:22:04,-07:00,2026-04-12T20:22:04-07:00,0,0
style.css,64,css,7c0a2824,erdenebat7,2026-04-12,20:22:04,-07:00,2026-04-12T20:22:04-07:00,0,2
style.css,65,css,7c0a2824,erdenebat7,2026-04-12,20:22:04,-07:00,2026-04-12T20:22:04-07:00,1,14
style.css,66,css,7c0a2824,erdenebat7,2026-04-12,20:22:04,-07:00,2026-04-12T20:22:04-07:00,0,0
style.css,67,css,7c0a2824,erdenebat7,2026-04-12,20:22:04,-07:00,2026-04-12T20:22:04-07:00,0,0
style.css,68,css,7c0a2824,erdenebat7,2026-04-12,20:22:04,-07:00,2026-04-12T20:22:04-07:00,0,7
style.css,69,css,7c0a2824,erdenebat7,2026-04-12,20:22:04,-07:00,2026-04-12T20:22:04-07:00,2,45
style.css,70,css,7c0a2824,erdenebat7,2026-04-12,20:22:04,-07:00,2026-04-12T20:22:04-07:00,2,41
style.css,71,css,7c0a2824,erdenebat7,2026-04-12,20:22:04,-07:00,2026-04-12T20:22:04-07:00,2,20
style.css,72,css,7c0a2824,erdenebat7,2026-04-12,20:22:04,-07:00,2026-04-12T20:22:04-07:00,0,0
style.css,73,css,7c0a2824,erdenebat7,2026-04-12,20:22:04,-07:00,2026-04-12T20:22:04-07:00,0,0
style.css,74,css,7c0a2824,erdenebat7,2026-04-12,20:22:04,-07:00,2026-04-12T20:22:04-07:00,0,15
style.css,75,css,7c0a2824,erdenebat7,2026-04-12,20:22:04,-07:00,2026-04-12T20:22:04-07:00,2,41
style.css,76,css,7c0a2824,erdenebat7,2026-04-12,20:22:04,-07:00,2026-04-12T20:22:04-07:00,2,16
style.css,77,css,7c0a2824,erdenebat7,2026-04-12,20:22:04,-07:00,2026-04-12T20:22:04-07:00,2,19
style.css,78,css,7c0a2824,erdenebat7,2026-04-12,20:22:04,-07:00,2026-04-12T20:22:04-07:00,0,0
style.css,79,css,7c0a2824,erdenebat7,2026-04-12,20:22:04,-07:00,2026-04-12T20:22:04-07:00,0,0
style.css,80,css,1071333c,erdenebat7,2026-04-17,12:33:48,-07:00,2026-04-17T12:33:48-07:00,0,4
style.css,81,css,1071333c,erdenebat7,2026-04-17,12:33:48,-07:00,2026-04-17T12:33:48-07:00,1,23
style.css,82,css,1071333c,erdenebat7,2026-04-17,12:33:48,-07:00,2026-04-17T12:33:48-07:00,0,0
style.css,83,css,1071333c,erdenebat7,2026-04-17,12:33:48,-07:00,2026-04-17T12:33:48-07:00,0,0
style.css,84,css,1071333c,erdenebat7,2026-04-17,12:33:48,-07:00,2026-04-17T12:33:48-07:00,0,3
style.css,85,css,1071333c,erdenebat7,2026-04-17,12:33:48,-07:00,2026-04-17T12:33:48-07:00,1,39
style.css,86,css,1071333c,erdenebat7,2026-04-17,12:33:48,-07:00,2026-04-17T12:33:48-07:00,1,12
style.css,87,css,1071333c,erdenebat7,2026-04-17,12:33:48,-07:00,2026-04-17T12:33:48-07:00,1,17
style.css,88,css,1071333c,erdenebat7,2026-04-17,12:33:48,-07:00,2026-04-17T12:33:48-07:00,1,43
style.css,89,css,1071333c,erdenebat7,2026-04-17,12:33:48,-07:00,2026-04-17T12:33:48-07:00,0,0
style.css,90,css,1071333c,erdenebat7,2026-04-17,12:33:48,-07:00,2026-04-17T12:33:48-07:00,0,0
style.css,91,css,1071333c,erdenebat7,2026-04-17,12:33:48,-07:00,2026-04-17T12:33:48-07:00,0,11
style.css,92,css,1071333c,erdenebat7,2026-04-17,12:33:48,-07:00,2026-04-17T12:33:48-07:00,1,45
style.css,93,css,1071333c,erdenebat7,2026-04-17,12:33:48,-07:00,2026-04-17T12:33:48-07:00,1,20
style.css,94,css,1071333c,erdenebat7,2026-04-17,12:33:48,-07:00,2026-04-17T12:33:48-07:00,1,69
style.css,95,css,1071333c,erdenebat7,2026-04-17,12:33:48,-07:00,2026-04-17T12:33:48-07:00,0,0
style.css,96,css,1071333c,erdenebat7,2026-04-17,12:33:48,-07:00,2026-04-17T12:33:48-07:00,0,0
style.css,97,css,1071333c,erdenebat7,2026-04-17,12:33:48,-07:00,2026-04-17T12:33:48-07:00,0,13
style.css,98,css,1071333c,erdenebat7,2026-04-17,12:33:48,-07:00,2026-04-17T12:33:48-07:00,1,45
style.css,99,css,1071333c,erdenebat7,2026-04-17,12:33:48,-07:00,2026-04-17T12:33:48-07:00,1,20
style.css,100,css,1071333c,erdenebat7,2026-04-17,12:33:48,-07:00,2026-04-17T12:33:48-07:00,0,0
style.css,101,css,be739553,erdenebat7,2026-04-10,20:56:24,-07:00,2026-04-10T20:56:24-07:00,0,0
style.css,102,css,1071333c,erdenebat7,2026-04-17,12:33:48,-07:00,2026-04-17T12:33:48-07:00,0,31
style.css,103,css,1071333c,erdenebat7,2026-04-17,12:33:48,-07:00,2026-04-17T12:33:48-07:00,1,12
style.css,104,css,1071333c,erdenebat7,2026-04-17,12:33:48,-07:00,2026-04-17T12:33:48-07:00,0,0
style.css,105,css,be739553,erdenebat7,2026-04-10,20:56:24,-07:00,2026-04-10T20:56:24-07:00,0,0
style.css,106,css,1071333c,erdenebat7,2026-04-17,12:33:48,-07:00,2026-04-17T12:33:48-07:00,0,13
style.css,107,css,1071333c,erdenebat7,2026-04-17,12:33:48,-07:00,2026-04-17T12:33:48-07:00,1,17
style.css,108,css,1071333c,erdenebat7,2026-04-17,12:33:48,-07:00,2026-04-17T12:33:48-07:00,1,8
style.css,109,css,1071333c,erdenebat7,2026-04-17,12:33:48,-07:00,2026-04-17T12:33:48-07:00,1,10
style.css,110,css,1071333c,erdenebat7,2026-04-17,12:33:48,-07:00,2026-04-17T12:33:48-07:00,1,13
style.css,111,css,1071333c,erdenebat7,2026-04-17,12:33:48,-07:00,2026-04-17T12:33:48-07:00,1,19
style.css,112,css,1071333c,erdenebat7,2026-04-17,12:33:48,-07:00,2026-04-17T12:33:48-07:00,0,0
style.css,113,css,be739553,erdenebat7,2026-04-10,20:56:24,-07:00,2026-04-10T20:56:24-07:00,0,0
style.css,114,css,e4266b26,erdenebat7,2026-04-23,15:38:17,-07:00,2026-04-23T15:38:17-07:00,0,17
style.css,115,css,e4266b26,erdenebat7,2026-04-23,15:38:17,-07:00,2026-04-23T15:38:17-07:00,1,12
style.css,116,css,e4266b26,erdenebat7,2026-04-23,15:38:17,-07:00,2026-04-23T15:38:17-07:00,1,36
style.css,117,css,e4266b26,erdenebat7,2026-04-23,15:38:17,-07:00,2026-04-23T15:38:17-07:00,1,17
style.css,118,css,e4266b26,erdenebat7,2026-04-23,15:38:17,-07:00,2026-04-23T15:38:17-07:00,0,0
style.css,119,css,e4266b26,erdenebat7,2026-04-23,15:38:17,-07:00,2026-04-23T15:38:17-07:00,0,0
style.css,120,css,e4266b26,erdenebat7,2026-04-23,15:38:17,-07:00,2026-04-23T15:38:17-07:00,0,17
style.css,121,css,e4266b26,erdenebat7,2026-04-23,15:38:17,-07:00,2026-04-23T15:38:17-07:00,1,10
style.css,122,css,e4266b26,erdenebat7,2026-04-23,15:38:17,-07:00,2026-04-23T15:38:17-07:00,0,0
style.css,123,css,e4266b26,erdenebat7,2026-04-23,15:38:17,-07:00,2026-04-23T15:38:17-07:00,0,0
style.css,124,css,e4266b26,erdenebat7,2026-04-23,15:38:17,-07:00,2026-04-23T15:38:17-07:00,0,17
style.css,125,css,e4266b26,erdenebat7,2026-04-23,15:38:17,-07:00,2026-04-23T15:38:17-07:00,1,10
style.css,126,css,e4266b26,erdenebat7,2026-04-23,15:38:17,-07:00,2026-04-23T15:38:17-07:00,1,8
style.css,127,css,d9726fec,erdenebat7,2026-04-29,19:29:20,-07:00,2026-04-29T19:29:20-07:00,0,0
style.css,128,css,d9726fec,erdenebat7,2026-04-29,19:29:20,-07:00,2026-04-29T19:29:20-07:00,0,0
style.css,129,css,d9726fec,erdenebat7,2026-04-29,19:29:20,-07:00,2026-04-29T19:29:20-07:00,0,18
style.css,130,css,d9726fec,erdenebat7,2026-04-29,19:29:20,-07:00,2026-04-29T19:29:20-07:00,1,14
style.css,131,css,d9726fec,erdenebat7,2026-04-29,19:29:20,-07:00,2026-04-29T19:29:20-07:00,1,16
style.css,132,css,d9726fec,erdenebat7,2026-04-29,19:29:20,-07:00,2026-04-29T19:29:20-07:00,1,16
style.css,133,css,d9726fec,erdenebat7,2026-04-29,19:29:20,-07:00,2026-04-29T19:29:20-07:00,0,0
style.css,134,css,d9726fec,erdenebat7,2026-04-29,19:29:20,-07:00,2026-04-29T19:29:20-07:00,0,0
style.css,135,css,d9726fec,erdenebat7,2026-04-29,19:29:20,-07:00,2026-04-29T19:29:20-07:00,0,7
style.css,136,css,d9726fec,erdenebat7,2026-04-29,19:29:20,-07:00,2026-04-29T19:29:20-07:00,1,12
style.css,137,css,d9726fec,erdenebat7,2026-04-29,19:29:20,-07:00,2026-04-29T19:29:20-07:00,1,57
style.css,138,css,d9726fec,erdenebat7,2026-04-29,19:29:20,-07:00,2026-04-29T19:29:20-07:00,1,7
style.css,139,css,d9726fec,erdenebat7,2026-04-29,19:29:20,-07:00,2026-04-29T19:29:20-07:00,1,6
style.css,140,css,d9726fec,erdenebat7,2026-04-29,19:29:20,-07:00,2026-04-29T19:29:20-07:00,1,8
style.css,141,css,d9726fec,erdenebat7,2026-04-29,19:29:20,-07:00,2026-04-29T19:29:20-07:00,1,13
style.css,142,css,d9726fec,erdenebat7,2026-04-29,19:29:20,-07:00,2026-04-29T19:29:20-07:00,1,41
style.css,143,css,d9726fec,erdenebat7,2026-04-29,19:29:20,-07:00,2026-04-29T19:29:20-07:00,1,17
style.css,144,css,d9726fec,erdenebat7,2026-04-29,19:29:20,-07:00,2026-04-29T19:29:20-07:00,1,59
style.css,145,css,d9726fec,erdenebat7,2026-04-29,19:29:20,-07:00,2026-04-29T19:29:20-07:00,1,15
style.css,146,css,d9726fec,erdenebat7,2026-04-29,19:29:20,-07:00,2026-04-29T19:29:20-07:00,0,0
style.css,147,css,d9726fec,erdenebat7,2026-04-29,19:29:20,-07:00,2026-04-29T19:29:20-07:00,0,0
style.css,148,css,d9726fec,erdenebat7,2026-04-29,19:29:20,-07:00,2026-04-29T19:29:20-07:00,0,10
style.css,149,css,d9726fec,erdenebat7,2026-04-29,19:29:20,-07:00,2026-04-29T19:29:20-07:00,1,12
style.css,150,css,d9726fec,erdenebat7,2026-04-29,19:29:20,-07:00,2026-04-29T19:29:20-07:00,1,18
style.css,151,css,d9726fec,erdenebat7,2026-04-29,19:29:20,-07:00,2026-04-29T19:29:20-07:00,1,9
style.css,152,css,d9726fec,erdenebat7,2026-04-29,19:29:20,-07:00,2026-04-29T19:29:20-07:00,0,0
style.css,153,css,d9726fec,erdenebat7,2026-04-29,19:29:20,-07:00,2026-04-29T19:29:20-07:00,0,0
style.css,154,css,d9726fec,erdenebat7,2026-04-29,19:29:20,-07:00,2026-04-29T19:29:20-07:00,0,7
style.css,155,css,d9726fec,erdenebat7,2026-04-29,19:29:20,-07:00,2026-04-29T19:29:20-07:00,1,20
style.css,156,css,d9726fec,erdenebat7,2026-04-29,19:29:20,-07:00,2026-04-29T19:29:20-07:00,1,9
style.css,157,css,d9726fec,erdenebat7,2026-04-29,19:29:20,-07:00,2026-04-29T19:29:20-07:00,1,18
style.css,158,css,d9726fec,erdenebat7,2026-04-29,19:29:20,-07:00,2026-04-29T19:29:20-07:00,1,29
style.css,159,css,d9726fec,erdenebat7,2026-04-29,19:29:20,-07:00,2026-04-29T19:29:20-07:00,1,17
style.css,160,css,d9726fec,erdenebat7,2026-04-29,19:29:20,-07:00,2026-04-29T19:29:20-07:00,0,0
style.css,161,css,d9726fec,erdenebat7,2026-04-29,19:29:20,-07:00,2026-04-29T19:29:20-07:00,0,0
style.css,162,css,d9726fec,erdenebat7,2026-04-29,19:29:20,-07:00,2026-04-29T19:29:20-07:00,0,10
style.css,163,css,d9726fec,erdenebat7,2026-04-29,19:29:20,-07:00,2026-04-29T19:29:20-07:00,1,12
style.css,164,css,d9726fec,erdenebat7,2026-04-29,19:29:20,-07:00,2026-04-29T19:29:20-07:00,1,18
style.css,165,css,d9726fec,erdenebat7,2026-04-29,19:29:20,-07:00,2026-04-29T19:29:20-07:00,1,8
style.css,166,css,d9726fec,erdenebat7,2026-04-29,19:29:20,-07:00,2026-04-29T19:29:20-07:00,0,0
style.css,167,css,d9726fec,erdenebat7,2026-04-29,19:29:20,-07:00,2026-04-29T19:29:20-07:00,0,0
style.css,168,css,d9726fec,erdenebat7,2026-04-29,19:29:20,-07:00,2026-04-29T19:29:20-07:00,0,17
style.css,169,css,d9726fec,erdenebat7,2026-04-29,19:29:20,-07:00,2026-04-29T19:29:20-07:00,1,16
style.css,170,css,d9726fec,erdenebat7,2026-04-29,19:29:20,-07:00,2026-04-29T19:29:20-07:00,2,11
style.css,171,css,d9726fec,erdenebat7,2026-04-29,19:29:20,-07:00,2026-04-29T19:29:20-07:00,1,0
style.css,172,css,d9726fec,erdenebat7,2026-04-29,19:29:20,-07:00,2026-04-29T19:29:20-07:00,0,0
style.css,173,css,d9726fec,erdenebat7,2026-04-29,19:29:20,-07:00,2026-04-29T19:29:20-07:00,0,4
style.css,174,css,d9726fec,erdenebat7,2026-04-29,19:29:20,-07:00,2026-04-29T19:29:20-07:00,1,16
style.css,175,css,d9726fec,erdenebat7,2026-04-29,19:29:20,-07:00,2026-04-29T19:29:20-07:00,1,14
style.css,176,css,d9726fec,erdenebat7,2026-04-29,19:29:20,-07:00,2026-04-29T19:29:20-07:00,0,0
style.css,177,css,d9726fec,erdenebat7,2026-04-29,19:29:20,-07:00,2026-04-29T19:29:20-07:00,0,0
style.css,178,css,d9726fec,erdenebat7,2026-04-29,19:29:20,-07:00,2026-04-29T19:29:20-07:00,0,9
style.css,179,css,d9726fec,erdenebat7,2026-04-29,19:29:20,-07:00,2026-04-29T19:29:20-07:00,1,35
style.css,180,css,d9726fec,erdenebat7,2026-04-29,19:29:20,-07:00,2026-04-29T19:29:20-07:00,0,0
style.css,181,css,d9726fec,erdenebat7,2026-04-29,19:29:20,-07:00,2026-04-29T19:29:20-07:00,1,18
style.css,182,css,d9726fec,erdenebat7,2026-04-29,19:29:20,-07:00,2026-04-29T19:29:20-07:00,2,17
style.css,183,css,d9726fec,erdenebat7,2026-04-29,19:29:20,-07:00,2026-04-29T19:29:20-07:00,1,0
style.css,184,css,e4266b26,erdenebat7,2026-04-23,15:38:17,-07:00,2026-04-23T15:38:17-07:00,0,0
index.js,1,js,468fa243,erdenebat7,2026-04-23,15:51:25,-07:00,2026-04-23T15:51:25-07:00,0,71
index.js,2,js,843ea570,erdenebat7,2026-04-23,15:26:15,-07:00,2026-04-23T15:26:15-07:00,0,0
index.js,3,js,843ea570,erdenebat7,2026-04-23,15:26:15,-07:00,2026-04-23T15:26:15-07:00,0,54
index.js,4,js,843ea570,erdenebat7,2026-04-23,15:26:15,-07:00,2026-04-23T15:26:15-07:00,0,0
index.js,5,js,843ea570,erdenebat7,2026-04-23,15:26:15,-07:00,2026-04-23T15:26:15-07:00,0,42
index.js,6,js,843ea570,erdenebat7,2026-04-23,15:26:15,-07:00,2026-04-23T15:26:15-07:00,0,0
index.js,7,js,843ea570,erdenebat7,2026-04-23,15:26:15,-07:00,2026-04-23T15:26:15-07:00,0,60
index.js,8,js,843ea570,erdenebat7,2026-04-23,15:26:15,-07:00,2026-04-23T15:26:15-07:00,0,0
index.js,9,js,843ea570,erdenebat7,2026-04-23,15:26:15,-07:00,2026-04-23T15:26:15-07:00,0,54
index.js,10,js,843ea570,erdenebat7,2026-04-23,15:26:15,-07:00,2026-04-23T15:26:15-07:00,0,0
index.js,11,js,e4266b26,erdenebat7,2026-04-23,15:38:17,-07:00,2026-04-23T15:38:17-07:00,0,53
index.js,12,js,843ea570,erdenebat7,2026-04-23,15:26:15,-07:00,2026-04-23T15:26:15-07:00,0,0
index.js,13,js,843ea570,erdenebat7,2026-04-23,15:26:15,-07:00,2026-04-23T15:26:15-07:00,0,60
index.js,14,js,843ea570,erdenebat7,2026-04-23,15:26:15,-07:00,2026-04-23T15:26:15-07:00,0,0
index.js,15,js,843ea570,erdenebat7,2026-04-23,15:26:15,-07:00,2026-04-23T15:26:15-07:00,0,17
index.js,16,js,843ea570,erdenebat7,2026-04-23,15:26:15,-07:00,2026-04-23T15:26:15-07:00,1,24
index.js,17,js,843ea570,erdenebat7,2026-04-23,15:26:15,-07:00,2026-04-23T15:26:15-07:00,4,2
index.js,18,js,468fa243,erdenebat7,2026-04-23,15:51:25,-07:00,2026-04-23T15:51:25-07:00,5,55
index.js,19,js,468fa243,erdenebat7,2026-04-23,15:51:25,-07:00,2026-04-23T15:51:25-07:00,5,55
index.js,20,js,468fa243,erdenebat7,2026-04-23,15:51:25,-07:00,2026-04-23T15:51:25-07:00,5,49
index.js,21,js,3cb1c92e,erdenebat7,2026-04-23,17:02:57,-07:00,2026-04-23T17:02:57-07:00,5,49
index.js,22,js,843ea570,erdenebat7,2026-04-23,15:26:15,-07:00,2026-04-23T15:26:15-07:00,4,3
index.js,23,js,843ea570,erdenebat7,2026-04-23,15:26:15,-07:00,2026-04-23T15:26:15-07:00,2,0
index.js,24,js,843ea570,erdenebat7,2026-04-23,15:26:15,-07:00,2026-04-23T15:26:15-07:00,0,0
index.html,1,html,b0d32b9f,erdenebat7,2026-04-02,14:41:14,-07:00,2026-04-02T14:41:14-07:00,0,13
index.html,2,html,b0d32b9f,erdenebat7,2026-04-02,14:41:14,-07:00,2026-04-02T14:41:14-07:00,0,14
index.html,3,html,b0d32b9f,erdenebat7,2026-04-02,14:41:14,-07:00,2026-04-02T14:41:14-07:00,0,4
index.html,4,html,b0d32b9f,erdenebat7,2026-04-02,14:41:14,-07:00,2026-04-02T14:41:14-07:00,2,20
index.html,5,html,b0d32b9f,erdenebat7,2026-04-02,14:41:14,-07:00,2026-04-02T14:41:14-07:00,2,68
index.html,6,html,b0d32b9f,erdenebat7,2026-04-02,14:41:14,-07:00,2026-04-02T14:41:14-07:00,2,62
index.html,7,html,e375067c,erdenebat7,2026-04-02,16:28:25,-07:00,2026-04-02T16:28:25-07:00,2,38
index.html,8,html,1071333c,erdenebat7,2026-04-17,12:33:48,-07:00,2026-04-17T12:33:48-07:00,2,49
index.html,9,html,b0d32b9f,erdenebat7,2026-04-02,14:41:14,-07:00,2026-04-02T14:41:14-07:00,0,5
index.html,10,html,b0d32b9f,erdenebat7,2026-04-02,14:41:14,-07:00,2026-04-02T14:41:14-07:00,0,0
index.html,11,html,e375067c,erdenebat7,2026-04-02,16:28:25,-07:00,2026-04-02T16:28:25-07:00,0,0
index.html,12,html,b0d32b9f,erdenebat7,2026-04-02,14:41:14,-07:00,2026-04-02T14:41:14-07:00,0,4
index.html,13,html,e375067c,erdenebat7,2026-04-02,16:28:25,-07:00,2026-04-02T16:28:25-07:00,2,27
index.html,14,html,e375067c,erdenebat7,2026-04-02,16:28:25,-07:00,2026-04-02T16:28:25-07:00,2,72
index.html,15,html,e375067c,erdenebat7,2026-04-02,16:28:25,-07:00,2026-04-02T16:28:25-07:00,2,67
index.html,16,html,5019975d,erdenebat7,2026-04-02,15:18:10,-07:00,2026-04-02T15:18:10-07:00,0,0
index.html,17,html,468fa243,erdenebat7,2026-04-23,15:51:25,-07:00,2026-04-23T15:51:25-07:00,2,22
index.html,18,html,468fa243,erdenebat7,2026-04-23,15:51:25,-07:00,2026-04-23T15:51:25-07:00,2,20
index.html,19,html,468fa243,erdenebat7,2026-04-23,15:51:25,-07:00,2026-04-23T15:51:25-07:00,2,4
index.html,20,html,468fa243,erdenebat7,2026-04-23,15:51:25,-07:00,2026-04-23T15:51:25-07:00,0,0
index.html,21,html,468fa243,erdenebat7,2026-04-23,15:51:25,-07:00,2026-04-23T15:51:25-07:00,2,19
index.html,22,html,468fa243,erdenebat7,2026-04-23,15:51:25,-07:00,2026-04-23T15:51:25-07:00,2,22
index.html,23,html,468fa243,erdenebat7,2026-04-23,15:51:25,-07:00,2026-04-23T15:51:25-07:00,2,4
index.html,24,html,468fa243,erdenebat7,2026-04-23,15:51:25,-07:00,2026-04-23T15:51:25-07:00,0,0
index.html,25,html,843ea570,erdenebat7,2026-04-23,15:26:15,-07:00,2026-04-23T15:26:15-07:00,2,50
index.html,26,html,843ea570,erdenebat7,2026-04-23,15:26:15,-07:00,2026-04-23T15:26:15-07:00,0,0
index.html,27,html,b0d32b9f,erdenebat7,2026-04-02,14:41:14,-07:00,2026-04-02T14:41:14-07:00,0,5
index.html,28,html,e375067c,erdenebat7,2026-04-02,16:28:25,-07:00,2026-04-02T16:28:25-07:00,0,0
index.html,29,html,843ea570,erdenebat7,2026-04-23,15:26:15,-07:00,2026-04-23T15:26:15-07:00,0,0
index.html,30,html,843ea570,erdenebat7,2026-04-23,15:26:15,-07:00,2026-04-23T15:26:15-07:00,0,0
index.html,31,html,b0d32b9f,erdenebat7,2026-04-02,14:41:14,-07:00,2026-04-02T14:41:14-07:00,0,5
global.js,1,js,1071333c,erdenebat7,2026-04-17,12:33:48,-07:00,2026-04-17T12:33:48-07:00,0,25
global.js,2,js,1071333c,erdenebat7,2026-04-17,12:33:48,-07:00,2026-04-17T12:33:48-07:00,0,0
global.js,3,js,1071333c,erdenebat7,2026-04-17,12:33:48,-07:00,2026-04-17T12:33:48-07:00,0,41
global.js,4,js,1071333c,erdenebat7,2026-04-17,12:33:48,-07:00,2026-04-17T12:33:48-07:00,1,52
global.js,5,js,1071333c,erdenebat7,2026-04-17,12:33:48,-07:00,2026-04-17T12:33:48-07:00,0,0
global.js,6,js,1071333c,erdenebat7,2026-04-17,12:33:48,-07:00,2026-04-17T12:33:48-07:00,0,0
global.js,7,js,1071333c,erdenebat7,2026-04-17,12:33:48,-07:00,2026-04-17T12:33:48-07:00,0,28
global.js,8,js,1071333c,erdenebat7,2026-04-17,12:33:48,-07:00,2026-04-17T12:33:48-07:00,0,0
global.js,9,js,1071333c,erdenebat7,2026-04-17,12:33:48,-07:00,2026-04-17T12:33:48-07:00,0,33
global.js,10,js,1071333c,erdenebat7,2026-04-17,12:33:48,-07:00,2026-04-17T12:33:48-07:00,0,69
global.js,11,js,1071333c,erdenebat7,2026-04-17,12:33:48,-07:00,2026-04-17T12:33:48-07:00,0,3
global.js,12,js,1071333c,erdenebat7,2026-04-17,12:33:48,-07:00,2026-04-17T12:33:48-07:00,0,0
global.js,13,js,1071333c,erdenebat7,2026-04-17,12:33:48,-07:00,2026-04-17T12:33:48-07:00,0,40
global.js,14,js,1071333c,erdenebat7,2026-04-17,12:33:48,-07:00,2026-04-17T12:33:48-07:00,0,0
global.js,15,js,1071333c,erdenebat7,2026-04-17,12:33:48,-07:00,2026-04-17T12:33:48-07:00,0,11
global.js,16,js,1071333c,erdenebat7,2026-04-17,12:33:48,-07:00,2026-04-17T12:33:48-07:00,1,25
global.js,17,js,1071333c,erdenebat7,2026-04-17,12:33:48,-07:00,2026-04-17T12:33:48-07:00,1,38
global.js,18,js,1071333c,erdenebat7,2026-04-17,12:33:48,-07:00,2026-04-17T12:33:48-07:00,1,35
global.js,19,js,1071333c,erdenebat7,2026-04-17,12:33:48,-07:00,2026-04-17T12:33:48-07:00,1,33
global.js,20,js,1071333c,erdenebat7,2026-04-17,12:33:48,-07:00,2026-04-17T12:33:48-07:00,1,55
global.js,21,js,1071333c,erdenebat7,2026-04-17,12:33:48,-07:00,2026-04-17T12:33:48-07:00,0,0
global.js,22,js,1071333c,erdenebat7,2026-04-17,12:33:48,-07:00,2026-04-17T12:33:48-07:00,0,0
global.js,23,js,1071333c,erdenebat7,2026-04-17,12:33:48,-07:00,2026-04-17T12:33:48-07:00,0,38
global.js,24,js,1071333c,erdenebat7,2026-04-17,12:33:48,-07:00,2026-04-17T12:33:48-07:00,0,25
global.js,25,js,1071333c,erdenebat7,2026-04-17,12:33:48,-07:00,2026-04-17T12:33:48-07:00,0,0
global.js,26,js,1071333c,erdenebat7,2026-04-17,12:33:48,-07:00,2026-04-17T12:33:48-07:00,0,88
global.js,27,js,1071333c,erdenebat7,2026-04-17,12:33:48,-07:00,2026-04-17T12:33:48-07:00,1,3
global.js,28,js,1071333c,erdenebat7,2026-04-17,12:33:48,-07:00,2026-04-17T12:33:48-07:00,1,14
global.js,29,js,1071333c,erdenebat7,2026-04-17,12:33:48,-07:00,2026-04-17T12:33:48-07:00,0,0
global.js,30,js,1071333c,erdenebat7,2026-04-17,12:33:48,-07:00,2026-04-17T12:33:48-07:00,0,20
global.js,31,js,1071333c,erdenebat7,2026-04-17,12:33:48,-07:00,2026-04-17T12:33:48-07:00,1,14
global.js,32,js,1071333c,erdenebat7,2026-04-17,12:33:48,-07:00,2026-04-17T12:33:48-07:00,1,18
global.js,33,js,1071333c,erdenebat7,2026-04-17,12:33:48,-07:00,2026-04-17T12:33:48-07:00,0,0
global.js,34,js,1071333c,erdenebat7,2026-04-17,12:33:48,-07:00,2026-04-17T12:33:48-07:00,1,52
global.js,35,js,1071333c,erdenebat7,2026-04-17,12:33:48,-07:00,2026-04-17T12:33:48-07:00,0,0
global.js,36,js,1071333c,erdenebat7,2026-04-17,12:33:48,-07:00,2026-04-17T12:33:48-07:00,1,34
global.js,37,js,1071333c,erdenebat7,2026-04-17,12:33:48,-07:00,2026-04-17T12:33:48-07:00,1,11
global.js,38,js,1071333c,erdenebat7,2026-04-17,12:33:48,-07:00,2026-04-17T12:33:48-07:00,1,20
global.js,39,js,1071333c,erdenebat7,2026-04-17,12:33:48,-07:00,2026-04-17T12:33:48-07:00,0,0
global.js,40,js,1071333c,erdenebat7,2026-04-17,12:33:48,-07:00,2026-04-17T12:33:48-07:00,1,17
global.js,41,js,1071333c,erdenebat7,2026-04-17,12:33:48,-07:00,2026-04-17T12:33:48-07:00,2,8
global.js,42,js,1071333c,erdenebat7,2026-04-17,12:33:48,-07:00,2026-04-17T12:33:48-07:00,2,58
global.js,43,js,1071333c,erdenebat7,2026-04-17,12:33:48,-07:00,2026-04-17T12:33:48-07:00,1,0
global.js,44,js,1071333c,erdenebat7,2026-04-17,12:33:48,-07:00,2026-04-17T12:33:48-07:00,0,0
global.js,45,js,1071333c,erdenebat7,2026-04-17,12:33:48,-07:00,2026-04-17T12:33:48-07:00,1,29
global.js,46,js,1071333c,erdenebat7,2026-04-17,12:33:48,-07:00,2026-04-17T12:33:48-07:00,2,18
global.js,47,js,1071333c,erdenebat7,2026-04-17,12:33:48,-07:00,2026-04-17T12:33:48-07:00,1,0
global.js,48,js,1071333c,erdenebat7,2026-04-17,12:33:48,-07:00,2026-04-17T12:33:48-07:00,0,0
global.js,49,js,1071333c,erdenebat7,2026-04-17,12:33:48,-07:00,2026-04-17T12:33:48-07:00,1,12
global.js,50,js,1071333c,erdenebat7,2026-04-17,12:33:48,-07:00,2026-04-17T12:33:48-07:00,0,0
global.js,51,js,1071333c,erdenebat7,2026-04-17,12:33:48,-07:00,2026-04-17T12:33:48-07:00,0,0
global.js,52,js,1071333c,erdenebat7,2026-04-17,12:33:48,-07:00,2026-04-17T12:33:48-07:00,0,31
global.js,53,js,1071333c,erdenebat7,2026-04-17,12:33:48,-07:00,2026-04-17T12:33:48-07:00,1,11
global.js,54,js,1071333c,erdenebat7,2026-04-17,12:33:48,-07:00,2026-04-17T12:33:48-07:00,1,0
global.js,55,js,1071333c,erdenebat7,2026-04-17,12:33:48,-07:00,2026-04-17T12:33:48-07:00,2,26
global.js,56,js,1071333c,erdenebat7,2026-04-17,12:33:48,-07:00,2026-04-17T12:33:48-07:00,4,4
global.js,57,js,1071333c,erdenebat7,2026-04-17,12:33:48,-07:00,2026-04-17T12:33:48-07:00,4,6
global.js,58,js,1071333c,erdenebat7,2026-04-17,12:33:48,-07:00,2026-04-17T12:33:48-07:00,6,43
global.js,59,js,1071333c,erdenebat7,2026-04-17,12:33:48,-07:00,2026-04-17T12:33:48-07:00,6,34
global.js,60,js,1071333c,erdenebat7,2026-04-17,12:33:48,-07:00,2026-04-17T12:33:48-07:00,6,32
global.js,61,js,1071333c,erdenebat7,2026-04-17,12:33:48,-07:00,2026-04-17T12:33:48-07:00,4,7
global.js,62,js,1071333c,erdenebat7,2026-04-17,12:33:48,-07:00,2026-04-17T12:33:48-07:00,2,6
global.js,63,js,1071333c,erdenebat7,2026-04-17,12:33:48,-07:00,2026-04-17T12:33:48-07:00,1,0
global.js,64,js,1071333c,erdenebat7,2026-04-17,12:33:48,-07:00,2026-04-17T12:33:48-07:00,0,0
global.js,65,js,1071333c,erdenebat7,2026-04-17,12:33:48,-07:00,2026-04-17T12:33:48-07:00,0,0
global.js,66,js,1071333c,erdenebat7,2026-04-17,12:33:48,-07:00,2026-04-17T12:33:48-07:00,0,58
global.js,67,js,1071333c,erdenebat7,2026-04-17,12:33:48,-07:00,2026-04-17T12:33:48-07:00,0,0
global.js,68,js,1071333c,erdenebat7,2026-04-17,12:33:48,-07:00,2026-04-17T12:33:48-07:00,0,49
global.js,69,js,1071333c,erdenebat7,2026-04-17,12:33:48,-07:00,2026-04-17T12:33:48-07:00,1,57
global.js,70,js,1071333c,erdenebat7,2026-04-17,12:33:48,-07:00,2026-04-17T12:33:48-07:00,1,0
global.js,71,js,1071333c,erdenebat7,2026-04-17,12:33:48,-07:00,2026-04-17T12:33:48-07:00,1,77
global.js,72,js,1071333c,erdenebat7,2026-04-17,12:33:48,-07:00,2026-04-17T12:33:48-07:00,1,0
global.js,73,js,1071333c,erdenebat7,2026-04-17,12:33:48,-07:00,2026-04-17T12:33:48-07:00,1,44
global.js,74,js,1071333c,erdenebat7,2026-04-17,12:33:48,-07:00,2026-04-17T12:33:48-07:00,0,1
global.js,75,js,1071333c,erdenebat7,2026-04-17,12:33:48,-07:00,2026-04-17T12:33:48-07:00,0,0
global.js,76,js,1071333c,erdenebat7,2026-04-17,12:33:48,-07:00,2026-04-17T12:33:48-07:00,0,34
global.js,77,js,1071333c,erdenebat7,2026-04-17,12:33:48,-07:00,2026-04-17T12:33:48-07:00,1,83
global.js,78,js,1071333c,erdenebat7,2026-04-17,12:33:48,-07:00,2026-04-17T12:33:48-07:00,1,38
global.js,79,js,1071333c,erdenebat7,2026-04-17,12:33:48,-07:00,2026-04-17T12:33:48-07:00,0,0
global.js,80,js,1071333c,erdenebat7,2026-04-17,12:33:48,-07:00,2026-04-17T12:33:48-07:00,0,0
global.js,81,js,1071333c,erdenebat7,2026-04-17,12:33:48,-07:00,2026-04-17T12:33:48-07:00,0,40
global.js,82,js,1071333c,erdenebat7,2026-04-17,12:33:48,-07:00,2026-04-17T12:33:48-07:00,0,0
global.js,83,js,1071333c,erdenebat7,2026-04-17,12:33:48,-07:00,2026-04-17T12:33:48-07:00,0,49
global.js,84,js,1071333c,erdenebat7,2026-04-17,12:33:48,-07:00,2026-04-17T12:33:48-07:00,2,21
global.js,85,js,1071333c,erdenebat7,2026-04-17,12:33:48,-07:00,2026-04-17T12:33:48-07:00,0,0
global.js,86,js,1071333c,erdenebat7,2026-04-17,12:33:48,-07:00,2026-04-17T12:33:48-07:00,2,28
global.js,87,js,1071333c,erdenebat7,2026-04-17,12:33:48,-07:00,2026-04-17T12:33:48-07:00,2,26
global.js,88,js,1071333c,erdenebat7,2026-04-17,12:33:48,-07:00,2026-04-17T12:33:48-07:00,2,14
global.js,89,js,1071333c,erdenebat7,2026-04-17,12:33:48,-07:00,2026-04-17T12:33:48-07:00,0,0
global.js,90,js,1071333c,erdenebat7,2026-04-17,12:33:48,-07:00,2026-04-17T12:33:48-07:00,2,30
global.js,91,js,1071333c,erdenebat7,2026-04-17,12:33:48,-07:00,2026-04-17T12:33:48-07:00,4,50
global.js,92,js,1071333c,erdenebat7,2026-04-17,12:33:48,-07:00,2026-04-17T12:33:48-07:00,2,0
global.js,93,js,1071333c,erdenebat7,2026-04-17,12:33:48,-07:00,2026-04-17T12:33:48-07:00,0,0
global.js,94,js,1071333c,erdenebat7,2026-04-17,12:33:48,-07:00,2026-04-17T12:33:48-07:00,2,21
global.js,95,js,1071333c,erdenebat7,2026-04-17,12:33:48,-07:00,2026-04-17T12:33:48-07:00,0,0
global.js,96,js,1071333c,erdenebat7,2026-04-17,12:33:48,-07:00,2026-04-17T12:33:48-07:00,2,49
global.js,97,js,1071333c,erdenebat7,2026-04-17,12:33:48,-07:00,2026-04-17T12:33:48-07:00,0,0
global.js,98,js,1071333c,erdenebat7,2026-04-17,12:33:48,-07:00,2026-04-17T12:33:48-07:00,2,18
global.js,99,js,99efa823,erdenebat7,2026-04-22,20:00:25,-07:00,2026-04-22T20:00:25-07:00,0,1
global.js,100,js,99efa823,erdenebat7,2026-04-22,20:00:25,-07:00,2026-04-22T20:00:25-07:00,0,0
global.js,101,js,99efa823,erdenebat7,2026-04-22,20:00:25,-07:00,2026-04-22T20:00:25-07:00,0,36
global.js,102,js,99efa823,erdenebat7,2026-04-22,20:00:25,-07:00,2026-04-22T20:00:25-07:00,1,3
global.js,103,js,99efa823,erdenebat7,2026-04-22,20:00:25,-07:00,2026-04-22T20:00:25-07:00,2,32
global.js,104,js,99efa823,erdenebat7,2026-04-22,20:00:25,-07:00,2026-04-22T20:00:25-07:00,2,17
global.js,105,js,99efa823,erdenebat7,2026-04-22,20:00:25,-07:00,2026-04-22T20:00:25-07:00,2,66
global.js,106,js,99efa823,erdenebat7,2026-04-22,20:00:25,-07:00,2026-04-22T20:00:25-07:00,2,0
global.js,107,js,99efa823,erdenebat7,2026-04-22,20:00:25,-07:00,2026-04-22T20:00:25-07:00,2,33
global.js,108,js,99efa823,erdenebat7,2026-04-22,20:00:25,-07:00,2026-04-22T20:00:25-07:00,2,10
global.js,109,js,99efa823,erdenebat7,2026-04-22,20:00:25,-07:00,2026-04-22T20:00:25-07:00,1,15
global.js,110,js,99efa823,erdenebat7,2026-04-22,20:00:25,-07:00,2026-04-22T20:00:25-07:00,2,59
global.js,111,js,99efa823,erdenebat7,2026-04-22,20:00:25,-07:00,2026-04-22T20:00:25-07:00,1,0
global.js,112,js,99efa823,erdenebat7,2026-04-22,20:00:25,-07:00,2026-04-22T20:00:25-07:00,0,0
global.js,113,js,99efa823,erdenebat7,2026-04-22,20:00:25,-07:00,2026-04-22T20:00:25-07:00,0,0
global.js,114,js,468fa243,erdenebat7,2026-04-23,15:51:25,-07:00,2026-04-23T15:51:25-07:00,0,79
global.js,115,js,99efa823,erdenebat7,2026-04-22,20:00:25,-07:00,2026-04-22T20:00:25-07:00,1,30
global.js,116,js,99efa823,erdenebat7,2026-04-22,20:00:25,-07:00,2026-04-22T20:00:25-07:00,1,0
global.js,117,js,99efa823,erdenebat7,2026-04-22,20:00:25,-07:00,2026-04-22T20:00:25-07:00,1,29
global.js,118,js,99efa823,erdenebat7,2026-04-22,20:00:25,-07:00,2026-04-22T20:00:25-07:00,2,48
global.js,119,js,99efa823,erdenebat7,2026-04-22,20:00:25,-07:00,2026-04-22T20:00:25-07:00,0,0
global.js,120,js,99efa823,erdenebat7,2026-04-22,20:00:25,-07:00,2026-04-22T20:00:25-07:00,2,19
global.js,121,js,5f257292,erdenebat7,2026-04-23,16:02:18,-07:00,2026-04-23T16:02:18-07:00,3,49
global.js,122,js,99efa823,erdenebat7,2026-04-22,20:00:25,-07:00,2026-04-22T20:00:25-07:00,3,49
global.js,123,js,d9726fec,erdenebat7,2026-04-29,19:29:20,-07:00,2026-04-29T19:29:20-07:00,3,27
global.js,124,js,d9726fec,erdenebat7,2026-04-29,19:29:20,-07:00,2026-04-29T19:29:20-07:00,4,27
global.js,125,js,d9726fec,erdenebat7,2026-04-29,19:29:20,-07:00,2026-04-29T19:29:20-07:00,4,41
global.js,126,js,d9726fec,erdenebat7,2026-04-29,19:29:20,-07:00,2026-04-29T19:29:20-07:00,3,4
global.js,127,js,99efa823,erdenebat7,2026-04-22,20:00:25,-07:00,2026-04-22T20:00:25-07:00,2,0
global.js,128,js,99efa823,erdenebat7,2026-04-22,20:00:25,-07:00,2026-04-22T20:00:25-07:00,0,0
global.js,129,js,99efa823,erdenebat7,2026-04-22,20:00:25,-07:00,2026-04-22T20:00:25-07:00,2,36
global.js,130,js,99efa823,erdenebat7,2026-04-22,20:00:25,-07:00,2026-04-22T20:00:25-07:00,1,0
global.js,131,js,843ea570,erdenebat7,2026-04-23,15:26:15,-07:00,2026-04-23T15:26:15-07:00,0,0
global.js,132,js,843ea570,erdenebat7,2026-04-23,15:26:15,-07:00,2026-04-23T15:26:15-07:00,0,0
global.js,133,js,843ea570,erdenebat7,2026-04-23,15:26:15,-07:00,2026-04-23T15:26:15-07:00,0,47
global.js,134,js,468fa243,erdenebat7,2026-04-23,15:51:25,-07:00,2026-04-23T15:51:25-07:00,1,59
global.js,135,js,99efa823,erdenebat7,2026-04-22,20:00:25,-07:00,2026-04-22T20:00:25-07:00,0,0
resume\index.html,1,html,6c99b5cd,erdenebat7,2026-04-02,17:51:07,-07:00,2026-04-02T17:51:07-07:00,0,13
resume\index.html,2,html,6c99b5cd,erdenebat7,2026-04-02,17:51:07,-07:00,2026-04-02T17:51:07-07:00,0,14
resume\index.html,3,html,6c99b5cd,erdenebat7,2026-04-02,17:51:07,-07:00,2026-04-02T17:51:07-07:00,0,4
resume\index.html,4,html,6c99b5cd,erdenebat7,2026-04-02,17:51:07,-07:00,2026-04-02T17:51:07-07:00,2,20
resume\index.html,5,html,6c99b5cd,erdenebat7,2026-04-02,17:51:07,-07:00,2026-04-02T17:51:07-07:00,2,28
resume\index.html,6,html,6c99b5cd,erdenebat7,2026-04-02,17:51:07,-07:00,2026-04-02T17:51:07-07:00,2,41
resume\index.html,7,html,1071333c,erdenebat7,2026-04-17,12:33:48,-07:00,2026-04-17T12:33:48-07:00,2,52
resume\index.html,8,html,6c99b5cd,erdenebat7,2026-04-02,17:51:07,-07:00,2026-04-02T17:51:07-07:00,0,5
resume\index.html,9,html,6c99b5cd,erdenebat7,2026-04-02,17:51:07,-07:00,2026-04-02T17:51:07-07:00,0,4
resume\index.html,10,html,1071333c,erdenebat7,2026-04-17,12:33:48,-07:00,2026-04-17T12:33:48-07:00,2,0
resume\index.html,11,html,6c99b5cd,erdenebat7,2026-04-02,17:51:07,-07:00,2026-04-02T17:51:07-07:00,0,0
resume\index.html,12,html,6c99b5cd,erdenebat7,2026-04-02,17:51:07,-07:00,2026-04-02T17:51:07-07:00,2,6
resume\index.html,13,html,6c99b5cd,erdenebat7,2026-04-02,17:51:07,-07:00,2026-04-02T17:51:07-07:00,4,27
resume\index.html,14,html,6c99b5cd,erdenebat7,2026-04-02,17:51:07,-07:00,2026-04-02T17:51:07-07:00,2,7
resume\index.html,15,html,6c99b5cd,erdenebat7,2026-04-02,17:51:07,-07:00,2026-04-02T17:51:07-07:00,0,0
resume\index.html,16,html,6c99b5cd,erdenebat7,2026-04-02,17:51:07,-07:00,2026-04-02T17:51:07-07:00,2,7
resume\index.html,17,html,6c99b5cd,erdenebat7,2026-04-02,17:51:07,-07:00,2026-04-02T17:51:07-07:00,4,16
resume\index.html,18,html,6c99b5cd,erdenebat7,2026-04-02,17:51:07,-07:00,2026-04-02T17:51:07-07:00,4,7
resume\index.html,19,html,6c99b5cd,erdenebat7,2026-04-02,17:51:07,-07:00,2026-04-02T17:51:07-07:00,6,6
resume\index.html,20,html,6c99b5cd,erdenebat7,2026-04-02,17:51:07,-07:00,2026-04-02T17:51:07-07:00,8,42
resume\index.html,21,html,6c99b5cd,erdenebat7,2026-04-02,17:51:07,-07:00,2026-04-02T17:51:07-07:00,8,36
resume\index.html,22,html,6c99b5cd,erdenebat7,2026-04-02,17:51:07,-07:00,2026-04-02T17:51:07-07:00,8,86
resume\index.html,23,html,6c99b5cd,erdenebat7,2026-04-02,17:51:07,-07:00,2026-04-02T17:51:07-07:00,6,7
resume\index.html,24,html,6c99b5cd,erdenebat7,2026-04-02,17:51:07,-07:00,2026-04-02T17:51:07-07:00,6,67
resume\index.html,25,html,6c99b5cd,erdenebat7,2026-04-02,17:51:07,-07:00,2026-04-02T17:51:07-07:00,4,8
resume\index.html,26,html,6c99b5cd,erdenebat7,2026-04-02,17:51:07,-07:00,2026-04-02T17:51:07-07:00,2,8
resume\index.html,27,html,6c99b5cd,erdenebat7,2026-04-02,17:51:07,-07:00,2026-04-02T17:51:07-07:00,0,0
resume\index.html,28,html,6c99b5cd,erdenebat7,2026-04-02,17:51:07,-07:00,2026-04-02T17:51:07-07:00,2,7
resume\index.html,29,html,6c99b5cd,erdenebat7,2026-04-02,17:51:07,-07:00,2026-04-02T17:51:07-07:00,4,15
resume\index.html,30,html,6c99b5cd,erdenebat7,2026-04-02,17:51:07,-07:00,2026-04-02T17:51:07-07:00,4,7
resume\index.html,31,html,6c99b5cd,erdenebat7,2026-04-02,17:51:07,-07:00,2026-04-02T17:51:07-07:00,6,6
resume\index.html,32,html,6c99b5cd,erdenebat7,2026-04-02,17:51:07,-07:00,2026-04-02T17:51:07-07:00,8,37
resume\index.html,33,html,6c99b5cd,erdenebat7,2026-04-02,17:51:07,-07:00,2026-04-02T17:51:07-07:00,8,43
resume\index.html,34,html,6c99b5cd,erdenebat7,2026-04-02,17:51:07,-07:00,2026-04-02T17:51:07-07:00,6,7
resume\index.html,35,html,6c99b5cd,erdenebat7,2026-04-02,17:51:07,-07:00,2026-04-02T17:51:07-07:00,6,2
resume\index.html,36,html,6c99b5cd,erdenebat7,2026-04-02,17:51:07,-07:00,2026-04-02T17:51:07-07:00,8,70
resume\index.html,37,html,6c99b5cd,erdenebat7,2026-04-02,17:51:07,-07:00,2026-04-02T17:51:07-07:00,8,56
resume\index.html,38,html,6c99b5cd,erdenebat7,2026-04-02,17:51:07,-07:00,2026-04-02T17:51:07-07:00,8,57
resume\index.html,39,html,6c99b5cd,erdenebat7,2026-04-02,17:51:07,-07:00,2026-04-02T17:51:07-07:00,6,3
resume\index.html,40,html,6c99b5cd,erdenebat7,2026-04-02,17:51:07,-07:00,2026-04-02T17:51:07-07:00,4,8
resume\index.html,41,html,6c99b5cd,erdenebat7,2026-04-02,17:51:07,-07:00,2026-04-02T17:51:07-07:00,2,8
resume\index.html,42,html,6c99b5cd,erdenebat7,2026-04-02,17:51:07,-07:00,2026-04-02T17:51:07-07:00,0,0
resume\index.html,43,html,6c99b5cd,erdenebat7,2026-04-02,17:51:07,-07:00,2026-04-02T17:51:07-07:00,0,0
resume\index.html,44,html,6c99b5cd,erdenebat7,2026-04-02,17:51:07,-07:00,2026-04-02T17:51:07-07:00,2,7
resume\index.html,45,html,6c99b5cd,erdenebat7,2026-04-02,17:51:07,-07:00,2026-04-02T17:51:07-07:00,4,23
resume\index.html,46,html,6c99b5cd,erdenebat7,2026-04-02,17:51:07,-07:00,2026-04-02T17:51:07-07:00,4,52
resume\index.html,47,html,6c99b5cd,erdenebat7,2026-04-02,17:51:07,-07:00,2026-04-02T17:51:07-07:00,4,62
resume\index.html,48,html,6c99b5cd,erdenebat7,2026-04-02,17:51:07,-07:00,2026-04-02T17:51:07-07:00,2,8
resume\index.html,49,html,6c99b5cd,erdenebat7,2026-04-02,17:51:07,-07:00,2026-04-02T17:51:07-07:00,0,0
resume\index.html,50,html,6c99b5cd,erdenebat7,2026-04-02,17:51:07,-07:00,2026-04-02T17:51:07-07:00,2,7
resume\index.html,51,html,6c99b5cd,erdenebat7,2026-04-02,17:51:07,-07:00,2026-04-02T17:51:07-07:00,4,17
resume\index.html,52,html,6c99b5cd,erdenebat7,2026-04-02,17:51:07,-07:00,2026-04-02T17:51:07-07:00,4,7
resume\index.html,53,html,6c99b5cd,erdenebat7,2026-04-02,17:51:07,-07:00,2026-04-02T17:51:07-07:00,6,6
resume\index.html,54,html,6c99b5cd,erdenebat7,2026-04-02,17:51:07,-07:00,2026-04-02T17:51:07-07:00,8,20
resume\index.html,55,html,6c99b5cd,erdenebat7,2026-04-02,17:51:07,-07:00,2026-04-02T17:51:07-07:00,8,11
resume\index.html,56,html,6c99b5cd,erdenebat7,2026-04-02,17:51:07,-07:00,2026-04-02T17:51:07-07:00,8,50
resume\index.html,57,html,6c99b5cd,erdenebat7,2026-04-02,17:51:07,-07:00,2026-04-02T17:51:07-07:00,6,7
resume\index.html,58,html,6c99b5cd,erdenebat7,2026-04-02,17:51:07,-07:00,2026-04-02T17:51:07-07:00,6,94
resume\index.html,59,html,6c99b5cd,erdenebat7,2026-04-02,17:51:07,-07:00,2026-04-02T17:51:07-07:00,4,8
resume\index.html,60,html,6c99b5cd,erdenebat7,2026-04-02,17:51:07,-07:00,2026-04-02T17:51:07-07:00,2,8
resume\index.html,61,html,6c99b5cd,erdenebat7,2026-04-02,17:51:07,-07:00,2026-04-02T17:51:07-07:00,0,0
resume\index.html,62,html,6c99b5cd,erdenebat7,2026-04-02,17:51:07,-07:00,2026-04-02T17:51:07-07:00,0,5
resume\index.html,63,html,6c99b5cd,erdenebat7,2026-04-02,17:51:07,-07:00,2026-04-02T17:51:07-07:00,0,0
resume\index.html,64,html,6c99b5cd,erdenebat7,2026-04-02,17:51:07,-07:00,2026-04-02T17:51:07-07:00,0,0
projects\projects.js,1,js,99efa823,erdenebat7,2026-04-22,20:00:25,-07:00,2026-04-22T20:00:25-07:00,0,55
projects\projects.js,2,js,d9726fec,erdenebat7,2026-04-29,19:29:20,-07:00,2026-04-29T19:29:20-07:00,0,63
projects\projects.js,3,js,99efa823,erdenebat7,2026-04-22,20:00:25,-07:00,2026-04-22T20:00:25-07:00,0,0
projects\projects.js,4,js,99efa823,erdenebat7,2026-04-22,20:00:25,-07:00,2026-04-22T20:00:25-07:00,0,55
projects\projects.js,5,js,99efa823,erdenebat7,2026-04-22,20:00:25,-07:00,2026-04-22T20:00:25-07:00,0,60
projects\projects.js,6,js,99efa823,erdenebat7,2026-04-22,20:00:25,-07:00,2026-04-22T20:00:25-07:00,0,0
projects\projects.js,7,js,99efa823,erdenebat7,2026-04-22,20:00:25,-07:00,2026-04-22T20:00:25-07:00,0,22
projects\projects.js,8,js,99efa823,erdenebat7,2026-04-22,20:00:25,-07:00,2026-04-22T20:00:25-07:00,2,48
projects\projects.js,9,js,99efa823,erdenebat7,2026-04-22,20:00:25,-07:00,2026-04-22T20:00:25-07:00,0,0
projects\projects.js,10,js,99efa823,erdenebat7,2026-04-22,20:00:25,-07:00,2026-04-22T20:00:25-07:00,0,0
projects\projects.js,11,js,99efa823,erdenebat7,2026-04-22,20:00:25,-07:00,2026-04-22T20:00:25-07:00,0,62
projects\projects.js,12,js,99efa823,erdenebat7,2026-04-22,20:00:25,-07:00,2026-04-22T20:00:25-07:00,0,18
projects\projects.js,13,js,99efa823,erdenebat7,2026-04-22,20:00:25,-07:00,2026-04-22T20:00:25-07:00,2,56
projects\projects.js,14,js,99efa823,erdenebat7,2026-04-22,20:00:25,-07:00,2026-04-22T20:00:25-07:00,0,0
projects\projects.js,15,js,843ea570,erdenebat7,2026-04-23,15:26:15,-07:00,2026-04-23T15:26:15-07:00,0,0
projects\projects.js,16,js,d9726fec,erdenebat7,2026-04-29,19:29:20,-07:00,2026-04-29T19:29:20-07:00,0,26
projects\projects.js,17,js,d9726fec,erdenebat7,2026-04-29,19:29:20,-07:00,2026-04-29T19:29:20-07:00,1,7
projects\projects.js,18,js,d9726fec,erdenebat7,2026-04-29,19:29:20,-07:00,2026-04-29T19:29:20-07:00,1,14
projects\projects.js,19,js,d9726fec,erdenebat7,2026-04-29,19:29:20,-07:00,2026-04-29T19:29:20-07:00,1,12
projects\projects.js,20,js,d9726fec,erdenebat7,2026-04-29,19:29:20,-07:00,2026-04-29T19:29:20-07:00,0,0
projects\projects.js,21,js,843ea570,erdenebat7,2026-04-23,15:26:15,-07:00,2026-04-23T15:26:15-07:00,0,0
projects\projects.js,22,js,d9726fec,erdenebat7,2026-04-29,19:29:20,-07:00,2026-04-29T19:29:20-07:00,0,57
projects\projects.js,23,js,d9726fec,erdenebat7,2026-04-29,19:29:20,-07:00,2026-04-29T19:29:20-07:00,0,47
projects\projects.js,24,js,d9726fec,erdenebat7,2026-04-29,19:29:20,-07:00,2026-04-29T19:29:20-07:00,0,0
projects\projects.js,25,js,d9726fec,erdenebat7,2026-04-29,19:29:20,-07:00,2026-04-29T19:29:20-07:00,0,38
projects\projects.js,26,js,d9726fec,erdenebat7,2026-04-29,19:29:20,-07:00,2026-04-29T19:29:20-07:00,2,28
projects\projects.js,27,js,d9726fec,erdenebat7,2026-04-29,19:29:20,-07:00,2026-04-29T19:29:20-07:00,2,32
projects\projects.js,28,js,d9726fec,erdenebat7,2026-04-29,19:29:20,-07:00,2026-04-29T19:29:20-07:00,0,0
projects\projects.js,29,js,d9726fec,erdenebat7,2026-04-29,19:29:20,-07:00,2026-04-29T19:29:20-07:00,2,32
projects\projects.js,30,js,d9726fec,erdenebat7,2026-04-29,19:29:20,-07:00,2026-04-29T19:29:20-07:00,2,29
projects\projects.js,31,js,d9726fec,erdenebat7,2026-04-29,19:29:20,-07:00,2026-04-29T19:29:20-07:00,0,0
projects\projects.js,32,js,d9726fec,erdenebat7,2026-04-29,19:29:20,-07:00,2026-04-29T19:29:20-07:00,2,29
projects\projects.js,33,js,d9726fec,erdenebat7,2026-04-29,19:29:20,-07:00,2026-04-29T19:29:20-07:00,4,12
projects\projects.js,34,js,d9726fec,erdenebat7,2026-04-29,19:29:20,-07:00,2026-04-29T19:29:20-07:00,4,14
projects\projects.js,35,js,d9726fec,erdenebat7,2026-04-29,19:29:20,-07:00,2026-04-29T19:29:20-07:00,4,12
projects\projects.js,36,js,d9726fec,erdenebat7,2026-04-29,19:29:20,-07:00,2026-04-29T19:29:20-07:00,2,0
projects\projects.js,37,js,d9726fec,erdenebat7,2026-04-29,19:29:20,-07:00,2026-04-29T19:29:20-07:00,1,0
projects\projects.js,38,js,d9726fec,erdenebat7,2026-04-29,19:29:20,-07:00,2026-04-29T19:29:20-07:00,2,50
projects\projects.js,39,js,d9726fec,erdenebat7,2026-04-29,19:29:20,-07:00,2026-04-29T19:29:20-07:00,4,35
projects\projects.js,40,js,d9726fec,erdenebat7,2026-04-29,19:29:20,-07:00,2026-04-29T19:29:20-07:00,2,1
projects\projects.js,41,js,d9726fec,erdenebat7,2026-04-29,19:29:20,-07:00,2026-04-29T19:29:20-07:00,0,0
projects\projects.js,42,js,d9726fec,erdenebat7,2026-04-29,19:29:20,-07:00,2026-04-29T19:29:20-07:00,1,0
projects\projects.js,43,js,d9726fec,erdenebat7,2026-04-29,19:29:20,-07:00,2026-04-29T19:29:20-07:00,2,53
projects\projects.js,44,js,d9726fec,erdenebat7,2026-04-29,19:29:20,-07:00,2026-04-29T19:29:20-07:00,2,42
projects\projects.js,45,js,d9726fec,erdenebat7,2026-04-29,19:29:20,-07:00,2026-04-29T19:29:20-07:00,2,51
projects\projects.js,46,js,d9726fec,erdenebat7,2026-04-29,19:29:20,-07:00,2026-04-29T19:29:20-07:00,0,0
projects\projects.js,47,js,d9726fec,erdenebat7,2026-04-29,19:29:20,-07:00,2026-04-29T19:29:20-07:00,2,21
projects\projects.js,48,js,d9726fec,erdenebat7,2026-04-29,19:29:20,-07:00,2026-04-29T19:29:20-07:00,1,0
projects\projects.js,49,js,d9726fec,erdenebat7,2026-04-29,19:29:20,-07:00,2026-04-29T19:29:20-07:00,2,27
projects\projects.js,50,js,d9726fec,erdenebat7,2026-04-29,19:29:20,-07:00,2026-04-29T19:29:20-07:00,4,34
projects\projects.js,51,js,d9726fec,erdenebat7,2026-04-29,19:29:20,-07:00,2026-04-29T19:29:20-07:00,4,22
projects\projects.js,52,js,d9726fec,erdenebat7,2026-04-29,19:29:20,-07:00,2026-04-29T19:29:20-07:00,4,18
projects\projects.js,53,js,d9726fec,erdenebat7,2026-04-29,19:29:20,-07:00,2026-04-29T19:29:20-07:00,6,43
projects\projects.js,54,js,d9726fec,erdenebat7,2026-04-29,19:29:20,-07:00,2026-04-29T19:29:20-07:00,0,0
projects\projects.js,55,js,d9726fec,erdenebat7,2026-04-29,19:29:20,-07:00,2026-04-29T19:29:20-07:00,6,22
projects\projects.js,56,js,d9726fec,erdenebat7,2026-04-29,19:29:20,-07:00,2026-04-29T19:29:20-07:00,6,26
projects\projects.js,57,js,d9726fec,erdenebat7,2026-04-29,19:29:20,-07:00,2026-04-29T19:29:20-07:00,8,37
projects\projects.js,58,js,d9726fec,erdenebat7,2026-04-29,19:29:20,-07:00,2026-04-29T19:29:20-07:00,6,1
projects\projects.js,59,js,d9726fec,erdenebat7,2026-04-29,19:29:20,-07:00,2026-04-29T19:29:20-07:00,6,0
projects\projects.js,60,js,d9726fec,erdenebat7,2026-04-29,19:29:20,-07:00,2026-04-29T19:29:20-07:00,6,20
projects\projects.js,61,js,d9726fec,erdenebat7,2026-04-29,19:29:20,-07:00,2026-04-29T19:29:20-07:00,6,26
projects\projects.js,62,js,d9726fec,erdenebat7,2026-04-29,19:29:20,-07:00,2026-04-29T19:29:20-07:00,8,37
projects\projects.js,63,js,d9726fec,erdenebat7,2026-04-29,19:29:20,-07:00,2026-04-29T19:29:20-07:00,6,1
projects\projects.js,64,js,d9726fec,erdenebat7,2026-04-29,19:29:20,-07:00,2026-04-29T19:29:20-07:00,0,0
projects\projects.js,65,js,d9726fec,erdenebat7,2026-04-29,19:29:20,-07:00,2026-04-29T19:29:20-07:00,6,25
projects\projects.js,66,js,d9726fec,erdenebat7,2026-04-29,19:29:20,-07:00,2026-04-29T19:29:20-07:00,8,48
projects\projects.js,67,js,d9726fec,erdenebat7,2026-04-29,19:29:20,-07:00,2026-04-29T19:29:20-07:00,6,6
projects\projects.js,68,js,d9726fec,erdenebat7,2026-04-29,19:29:20,-07:00,2026-04-29T19:29:20-07:00,8,46
projects\projects.js,69,js,d9726fec,erdenebat7,2026-04-29,19:29:20,-07:00,2026-04-29T19:29:20-07:00,0,0
projects\projects.js,70,js,d9726fec,erdenebat7,2026-04-29,19:29:20,-07:00,2026-04-29T19:29:20-07:00,8,42
projects\projects.js,71,js,d9726fec,erdenebat7,2026-04-29,19:29:20,-07:00,2026-04-29T19:29:20-07:00,10,40
projects\projects.js,72,js,d9726fec,erdenebat7,2026-04-29,19:29:20,-07:00,2026-04-29T19:29:20-07:00,8,0
projects\projects.js,73,js,d9726fec,erdenebat7,2026-04-29,19:29:20,-07:00,2026-04-29T19:29:20-07:00,8,56
projects\projects.js,74,js,d9726fec,erdenebat7,2026-04-29,19:29:20,-07:00,2026-04-29T19:29:20-07:00,6,0
projects\projects.js,75,js,d9726fec,erdenebat7,2026-04-29,19:29:20,-07:00,2026-04-29T19:29:20-07:00,4,1
projects\projects.js,76,js,d9726fec,erdenebat7,2026-04-29,19:29:20,-07:00,2026-04-29T19:29:20-07:00,2,1
projects\projects.js,77,js,d9726fec,erdenebat7,2026-04-29,19:29:20,-07:00,2026-04-29T19:29:20-07:00,0,0
projects\projects.js,78,js,d9726fec,erdenebat7,2026-04-29,19:29:20,-07:00,2026-04-29T19:29:20-07:00,2,27
projects\projects.js,79,js,d9726fec,erdenebat7,2026-04-29,19:29:20,-07:00,2026-04-29T19:29:20-07:00,4,57
projects\projects.js,80,js,d9726fec,erdenebat7,2026-04-29,19:29:20,-07:00,2026-04-29T19:29:20-07:00,4,68
projects\projects.js,81,js,d9726fec,erdenebat7,2026-04-29,19:29:20,-07:00,2026-04-29T19:29:20-07:00,2,0
projects\projects.js,82,js,d9726fec,erdenebat7,2026-04-29,19:29:20,-07:00,2026-04-29T19:29:20-07:00,0,0
projects\projects.js,83,js,d9726fec,erdenebat7,2026-04-29,19:29:20,-07:00,2026-04-29T19:29:20-07:00,0,0
projects\projects.js,84,js,d9726fec,erdenebat7,2026-04-29,19:29:20,-07:00,2026-04-29T19:29:20-07:00,0,0
projects\projects.js,85,js,d9726fec,erdenebat7,2026-04-29,19:29:20,-07:00,2026-04-29T19:29:20-07:00,0,23
projects\projects.js,86,js,d9726fec,erdenebat7,2026-04-29,19:29:20,-07:00,2026-04-29T19:29:20-07:00,0,0
projects\projects.js,87,js,d9726fec,erdenebat7,2026-04-29,19:29:20,-07:00,2026-04-29T19:29:20-07:00,0,13
projects\projects.js,88,js,d9726fec,erdenebat7,2026-04-29,19:29:20,-07:00,2026-04-29T19:29:20-07:00,0,53
projects\projects.js,89,js,d9726fec,erdenebat7,2026-04-29,19:29:20,-07:00,2026-04-29T19:29:20-07:00,0,0
projects\projects.js,90,js,d9726fec,erdenebat7,2026-04-29,19:29:20,-07:00,2026-04-29T19:29:20-07:00,0,48
projects\projects.js,91,js,d9726fec,erdenebat7,2026-04-29,19:29:20,-07:00,2026-04-29T19:29:20-07:00,1,25
projects\projects.js,92,js,d9726fec,erdenebat7,2026-04-29,19:29:20,-07:00,2026-04-29T19:29:20-07:00,1,0
projects\projects.js,93,js,d9726fec,erdenebat7,2026-04-29,19:29:20,-07:00,2026-04-29T19:29:20-07:00,1,51
projects\projects.js,94,js,d9726fec,erdenebat7,2026-04-29,19:29:20,-07:00,2026-04-29T19:29:20-07:00,2,59
projects\projects.js,95,js,d9726fec,erdenebat7,2026-04-29,19:29:20,-07:00,2026-04-29T19:29:20-07:00,2,42
projects\projects.js,96,js,d9726fec,erdenebat7,2026-04-29,19:29:20,-07:00,2026-04-29T19:29:20-07:00,1,1
projects\projects.js,97,js,d9726fec,erdenebat7,2026-04-29,19:29:20,-07:00,2026-04-29T19:29:20-07:00,1,0
projects\projects.js,98,js,d9726fec,erdenebat7,2026-04-29,19:29:20,-07:00,2026-04-29T19:29:20-07:00,1,56
projects\projects.js,99,js,d9726fec,erdenebat7,2026-04-29,19:29:20,-07:00,2026-04-29T19:29:20-07:00,0,0
projects\projects.js,100,js,d9726fec,erdenebat7,2026-04-29,19:29:20,-07:00,2026-04-29T19:29:20-07:00,1,31
projects\projects.js,101,js,d9726fec,erdenebat7,2026-04-29,19:29:20,-07:00,2026-04-29T19:29:20-07:00,0,1
projects\index.html,1,html,e375067c,erdenebat7,2026-04-02,16:28:25,-07:00,2026-04-02T16:28:25-07:00,0,13
projects\index.html,2,html,e375067c,erdenebat7,2026-04-02,16:28:25,-07:00,2026-04-02T16:28:25-07:00,0,14
projects\index.html,3,html,e375067c,erdenebat7,2026-04-02,16:28:25,-07:00,2026-04-02T16:28:25-07:00,0,4
projects\index.html,4,html,e375067c,erdenebat7,2026-04-02,16:28:25,-07:00,2026-04-02T16:28:25-07:00,2,20
projects\index.html,5,html,e375067c,erdenebat7,2026-04-02,16:28:25,-07:00,2026-04-02T16:28:25-07:00,2,68
projects\index.html,6,html,e375067c,erdenebat7,2026-04-02,16:28:25,-07:00,2026-04-02T16:28:25-07:00,2,21
projects\index.html,7,html,7c0a2824,erdenebat7,2026-04-12,20:22:04,-07:00,2026-04-12T20:22:04-07:00,2,41
projects\index.html,8,html,1071333c,erdenebat7,2026-04-17,12:33:48,-07:00,2026-04-17T12:33:48-07:00,2,52
projects\index.html,9,html,e375067c,erdenebat7,2026-04-02,16:28:25,-07:00,2026-04-02T16:28:25-07:00,0,5
projects\index.html,10,html,e375067c,erdenebat7,2026-04-02,16:28:25,-07:00,2026-04-02T16:28:25-07:00,0,4
projects\index.html,11,html,d9726fec,erdenebat7,2026-04-29,19:29:20,-07:00,2026-04-29T19:29:20-07:00,2,47
projects\index.html,12,html,d9726fec,erdenebat7,2026-04-29,19:29:20,-07:00,2026-04-29T19:29:20-07:00,0,0
projects\index.html,13,html,d9726fec,erdenebat7,2026-04-29,19:29:20,-07:00,2026-04-29T19:29:20-07:00,2,21
projects\index.html,14,html,d9726fec,erdenebat7,2026-04-29,19:29:20,-07:00,2026-04-29T19:29:20-07:00,4,58
projects\index.html,15,html,d9726fec,erdenebat7,2026-04-29,19:29:20,-07:00,2026-04-29T19:29:20-07:00,4,22
projects\index.html,16,html,d9726fec,erdenebat7,2026-04-29,19:29:20,-07:00,2026-04-29T19:29:20-07:00,2,4
projects\index.html,17,html,1071333c,erdenebat7,2026-04-17,12:33:48,-07:00,2026-04-17T12:33:48-07:00,2,0
projects\index.html,18,html,d9726fec,erdenebat7,2026-04-29,19:29:20,-07:00,2026-04-29T19:29:20-07:00,2,4
projects\index.html,19,html,d9726fec,erdenebat7,2026-04-29,19:29:20,-07:00,2026-04-29T19:29:20-07:00,2,15
projects\index.html,20,html,d9726fec,erdenebat7,2026-04-29,19:29:20,-07:00,2026-04-29T19:29:20-07:00,2,11
projects\index.html,21,html,d9726fec,erdenebat7,2026-04-29,19:29:20,-07:00,2026-04-29T19:29:20-07:00,2,26
projects\index.html,22,html,d9726fec,erdenebat7,2026-04-29,19:29:20,-07:00,2026-04-29T19:29:20-07:00,2,31
projects\index.html,23,html,d9726fec,erdenebat7,2026-04-29,19:29:20,-07:00,2026-04-29T19:29:20-07:00,0,0
projects\index.html,24,html,d9726fec,erdenebat7,2026-04-29,19:29:20,-07:00,2026-04-29T19:29:20-07:00,0,0
projects\index.html,25,html,e375067c,erdenebat7,2026-04-02,16:28:25,-07:00,2026-04-02T16:28:25-07:00,0,0
projects\index.html,26,html,99efa823,erdenebat7,2026-04-22,20:00:25,-07:00,2026-04-22T20:00:25-07:00,2,20
projects\index.html,27,html,be739553,erdenebat7,2026-04-10,20:56:24,-07:00,2026-04-10T20:56:24-07:00,2,4
projects\index.html,28,html,e375067c,erdenebat7,2026-04-02,16:28:25,-07:00,2026-04-02T16:28:25-07:00,0,0
projects\index.html,29,html,99efa823,erdenebat7,2026-04-22,20:00:25,-07:00,2026-04-22T20:00:25-07:00,2,48
projects\index.html,30,html,99efa823,erdenebat7,2026-04-22,20:00:25,-07:00,2026-04-22T20:00:25-07:00,2,47
projects\index.html,31,html,99efa823,erdenebat7,2026-04-22,20:00:25,-07:00,2026-04-22T20:00:25-07:00,0,0
projects\index.html,32,html,d9726fec,erdenebat7,2026-04-29,19:29:20,-07:00,2026-04-29T19:29:20-07:00,2,0
projects\index.html,33,html,d9726fec,erdenebat7,2026-04-29,19:29:20,-07:00,2026-04-29T19:29:20-07:00,0,0
projects\index.html,34,html,e375067c,erdenebat7,2026-04-02,16:28:25,-07:00,2026-04-02T16:28:25-07:00,0,5
projects\index.html,35,html,e375067c,erdenebat7,2026-04-02,16:28:25,-07:00,2026-04-02T16:28:25-07:00,0,5
contact\index.html,1,html,e375067c,erdenebat7,2026-04-02,16:28:25,-07:00,2026-04-02T16:28:25-07:00,0,13
contact\index.html,2,html,e375067c,erdenebat7,2026-04-02,16:28:25,-07:00,2026-04-02T16:28:25-07:00,0,14
contact\index.html,3,html,e375067c,erdenebat7,2026-04-02,16:28:25,-07:00,2026-04-02T16:28:25-07:00,0,4
contact\index.html,4,html,e375067c,erdenebat7,2026-04-02,16:28:25,-07:00,2026-04-02T16:28:25-07:00,2,20
contact\index.html,5,html,e375067c,erdenebat7,2026-04-02,16:28:25,-07:00,2026-04-02T16:28:25-07:00,2,68
contact\index.html,6,html,e375067c,erdenebat7,2026-04-02,16:28:25,-07:00,2026-04-02T16:28:25-07:00,2,21
contact\index.html,7,html,7c0a2824,erdenebat7,2026-04-12,20:22:04,-07:00,2026-04-12T20:22:04-07:00,2,41
contact\index.html,8,html,1071333c,erdenebat7,2026-04-17,12:33:48,-07:00,2026-04-17T12:33:48-07:00,2,52
contact\index.html,9,html,e375067c,erdenebat7,2026-04-02,16:28:25,-07:00,2026-04-02T16:28:25-07:00,0,5
contact\index.html,10,html,e375067c,erdenebat7,2026-04-02,16:28:25,-07:00,2026-04-02T16:28:25-07:00,0,4
contact\index.html,11,html,1071333c,erdenebat7,2026-04-17,12:33:48,-07:00,2026-04-17T12:33:48-07:00,2,0
contact\index.html,12,html,e375067c,erdenebat7,2026-04-02,16:28:25,-07:00,2026-04-02T16:28:25-07:00,0,0
contact\index.html,13,html,fb19f978,erdenebat7,2026-04-02,16:53:37,-07:00,2026-04-02T16:53:37-07:00,2,14
contact\index.html,14,html,fb19f978,erdenebat7,2026-04-02,16:53:37,-07:00,2026-04-02T16:53:37-07:00,0,0
contact\index.html,15,html,1071333c,erdenebat7,2026-04-17,12:33:48,-07:00,2026-04-17T12:33:48-07:00,2,43
contact\index.html,16,html,fb19f978,erdenebat7,2026-04-02,16:53:37,-07:00,2026-04-02T16:53:37-07:00,4,5
contact\index.html,17,html,fb19f978,erdenebat7,2026-04-02,16:53:37,-07:00,2026-04-02T16:53:37-07:00,6,4
contact\index.html,18,html,fb19f978,erdenebat7,2026-04-02,16:53:37,-07:00,2026-04-02T16:53:37-07:00,6,20
contact\index.html,19,html,fb19f978,erdenebat7,2026-04-02,16:53:37,-07:00,2026-04-02T16:53:37-07:00,4,6
contact\index.html,20,html,fb19f978,erdenebat7,2026-04-02,16:53:37,-07:00,2026-04-02T16:53:37-07:00,0,0
contact\index.html,21,html,fb19f978,erdenebat7,2026-04-02,16:53:37,-07:00,2026-04-02T16:53:37-07:00,4,5
contact\index.html,22,html,1071333c,erdenebat7,2026-04-17,12:33:48,-07:00,2026-04-17T12:33:48-07:00,6,5
contact\index.html,23,html,fb19f978,erdenebat7,2026-04-02,16:53:37,-07:00,2026-04-02T16:53:37-07:00,6,31
contact\index.html,24,html,fb19f978,erdenebat7,2026-04-02,16:53:37,-07:00,2026-04-02T16:53:37-07:00,4,6
contact\index.html,25,html,fb19f978,erdenebat7,2026-04-02,16:53:37,-07:00,2026-04-02T16:53:37-07:00,0,0
contact\index.html,26,html,1071333c,erdenebat7,2026-04-17,12:33:48,-07:00,2026-04-17T12:33:48-07:00,4,25
contact\index.html,27,html,fb19f978,erdenebat7,2026-04-02,16:53:37,-07:00,2026-04-02T16:53:37-07:00,2,5
contact\index.html,28,html,e375067c,erdenebat7,2026-04-02,16:28:25,-07:00,2026-04-02T16:28:25-07:00,0,0
contact\index.html,29,html,e375067c,erdenebat7,2026-04-02,16:28:25,-07:00,2026-04-02T16:28:25-07:00,0,5
contact\index.html,30,html,e375067c,erdenebat7,2026-04-02,16:28:25,-07:00,2026-04-02T16:28:25-07:00,0,0
contact\index.html,31,html,e375067c,erdenebat7,2026-04-02,16:28:25,-07:00,2026-04-02T16:28:25-07:00,0,5
